0.010607,/_samplerate,60.000000
0.010607,/CubeX,0.000004
0.010607,/CubeY,-0.943635
0.026492,/_samplerate,60.000000
0.026492,/CubeX,0.104533
0.026492,/CubeY,-0.965342
0.044878,/_samplerate,60.000000
0.044878,/CubeX,0.207916
0.044878,/CubeY,-0.981864
0.060754,/_samplerate,60.000000
0.060754,/CubeX,0.309021
0.060754,/CubeY,-0.993112
0.081440,/_samplerate,60.000000
0.081440,/CubeX,0.406740
0.081440,/CubeY,-0.999026
0.093478,/_samplerate,60.000000
0.093478,/CubeX,0.500004
0.093478,/CubeY,-0.999575
0.114384,/_samplerate,60.000000
0.114384,/CubeX,0.587789
0.114384,/CubeY,-0.994754
0.126748,/_samplerate,60.000000
0.126748,/CubeX,0.669134
0.126748,/CubeY,-0.984591
0.148156,/_samplerate,60.000000
0.148156,/CubeX,0.743148
0.148156,/CubeY,-0.969139
0.160277,/_samplerate,60.000000
0.160277,/CubeX,0.809019
0.160277,/CubeY,-0.948482
0.180940,/_samplerate,60.000000
0.180940,/CubeX,0.866027
0.180940,/CubeY,-0.922731
0.194393,/_samplerate,60.000000
0.194393,/CubeX,0.913547
0.194393,/CubeY,-0.892024
0.211209,/_samplerate,60.000000
0.211209,/CubeX,0.951058
0.211209,/CubeY,-0.856525
0.227928,/_samplerate,60.000000
0.227928,/CubeX,0.978148
0.227928,/CubeY,-0.816427
0.243607,/_samplerate,60.000000
0.243607,/CubeX,0.994522
0.243607,/CubeY,-0.771943
0.265452,/_samplerate,60.000000
0.265452,/CubeX,1.000000
0.265452,/CubeY,-0.723313
0.284764,/_samplerate,60.000000
0.284764,/CubeX,0.994521
0.284764,/CubeY,-0.670798
0.301202,/_samplerate,60.000000
0.301202,/CubeX,0.978147
0.301202,/CubeY,-0.614680
0.317523,/_samplerate,60.000000
0.317523,/CubeX,0.951055
0.317523,/CubeY,-0.555261
0.330094,/_samplerate,60.000000
0.330094,/CubeX,0.913544
0.330094,/CubeY,-0.492859
0.342908,/_samplerate,60.000000
0.342908,/CubeX,0.866023
0.342908,/CubeY,-0.427810
0.360666,/_samplerate,60.000000
0.360666,/CubeX,0.809015
0.360666,/CubeY,-0.360464
0.378495,/_samplerate,60.000000
0.378495,/CubeX,0.743142
0.378495,/CubeY,-0.291181
0.392805,/_samplerate,60.000000
0.392805,/CubeX,0.669127
0.392805,/CubeY,-0.220334
0.410767,/_samplerate,60.000000
0.410767,/CubeX,0.587782
0.410767,/CubeY,-0.148304
0.432499,/_samplerate,60.000000
0.432499,/CubeX,0.499996
0.432499,/CubeY,-0.075478
0.452526,/_samplerate,60.000000
0.452526,/CubeX,0.406733
0.452526,/CubeY,-0.002246
0.467236,/_samplerate,60.000000
0.467236,/CubeX,0.309013
0.467236,/CubeY,0.070998
0.483619,/_samplerate,60.000000
0.483619,/CubeX,0.207908
0.483619,/CubeY,0.143861
0.494011,/_samplerate,60.000000
0.494011,/CubeX,0.104524
0.494011,/CubeY,0.215951
0.510160,/_samplerate,60.000000
0.510160,/CubeX,-0.000004
0.510160,/CubeY,0.286881
0.526809,/_samplerate,60.000000
0.526809,/CubeX,-0.104533
0.526809,/CubeY,0.356270
0.545242,/_samplerate,60.000000
0.545242,/CubeX,-0.207916
0.545242,/CubeY,0.423746
0.561901,/_samplerate,60.000000
0.561901,/CubeX,-0.309021
0.561901,/CubeY,0.488946
0.576976,/_samplerate,60.000000
0.576976,/CubeX,-0.406740
0.576976,/CubeY,0.551520
0.594677,/_samplerate,60.000000
0.594677,/CubeX,-0.500004
0.594677,/CubeY,0.611131
0.610044,/_samplerate,60.000000
0.610044,/CubeX,-0.587789
0.610044,/CubeY,0.667460
0.628852,/_samplerate,60.000000
0.628852,/CubeX,-0.669134
0.628852,/CubeY,0.720204
0.644606,/_samplerate,60.000000
0.644606,/CubeX,-0.743148
0.644606,/CubeY,0.769080
0.660690,/_samplerate,60.000000
0.660690,/CubeX,-0.809019
0.660690,/CubeY,0.813825
0.678140,/_samplerate,60.000000
0.678140,/CubeX,-0.866027
0.678140,/CubeY,0.854199
0.694272,/_samplerate,60.000000
0.694272,/CubeX,-0.913547
0.694272,/CubeY,0.889985
0.710757,/_samplerate,60.000000
0.710757,/CubeX,-0.951058
0.710757,/CubeY,0.920991
0.727994,/_samplerate,60.000000
0.727994,/CubeX,-0.978148
0.727994,/CubeY,0.947050
0.753224,/_samplerate,60.000000
0.753224,/CubeX,-0.994522
0.753224,/CubeY,0.968022
0.769293,/_samplerate,60.000000
0.769293,/CubeX,-1.000000
0.769293,/CubeY,0.983795
0.784868,/_samplerate,60.000000
0.784868,/CubeX,-0.994521
0.784868,/CubeY,0.994285
0.802037,/_samplerate,60.000000
0.802037,/CubeX,-0.978147
0.802037,/CubeY,0.999434
0.818443,/_samplerate,60.000000
0.818443,/CubeX,-0.951055
0.818443,/CubeY,0.999214
0.834432,/_samplerate,60.000000
0.834432,/CubeX,-0.913544
0.834432,/CubeY,0.993628
0.852612,/_samplerate,60.000000
0.852612,/CubeX,-0.866023
0.852612,/CubeY,0.982706
0.868264,/_samplerate,60.000000
0.868264,/CubeX,-0.809015
0.868264,/CubeY,0.966505
0.884912,/_samplerate,60.000000
0.884912,/CubeX,-0.743142
0.884912,/CubeY,0.945113
0.901236,/_samplerate,60.000000
0.901236,/CubeX,-0.669127
0.901236,/CubeY,0.918644
0.918997,/_samplerate,60.000000
0.918997,/CubeX,-0.587782
0.918997,/CubeY,0.887242
0.934717,/_samplerate,60.000000
0.934717,/CubeX,-0.499996
0.934717,/CubeY,0.851074
0.951609,/_samplerate,60.000000
0.951609,/CubeX,-0.406733
0.951609,/CubeY,0.810335
0.968405,/_samplerate,60.000000
0.968405,/CubeX,-0.309013
0.968405,/CubeY,0.765244
0.985179,/_samplerate,60.000000
0.985179,/CubeX,-0.207908
0.985179,/CubeY,0.716042
1.002331,/_samplerate,60.000000
1.002331,/CubeX,-0.104524
1.002331,/CubeY,0.662995
1.018999,/_samplerate,60.000000
1.018999,/CubeX,0.000004
1.018999,/CubeY,0.606386
1.035133,/_samplerate,60.000000
1.035133,/CubeX,0.104533
1.035133,/CubeY,0.546521
1.052114,/_samplerate,60.000000
1.052114,/CubeX,0.207916
1.052114,/CubeY,0.483720
1.068878,/_samplerate,60.000000
1.068878,/CubeX,0.309021
1.068878,/CubeY,0.418322
1.085714,/_samplerate,60.000000
1.085714,/CubeX,0.406740
1.085714,/CubeY,0.350676
1.101966,/_samplerate,60.000000
1.101966,/CubeX,0.500004
1.101966,/CubeY,0.281147
1.118949,/_samplerate,60.000000
1.118949,/CubeX,0.587789
1.118949,/CubeY,0.210108
1.135694,/_samplerate,60.000000
1.135694,/CubeX,0.669134
1.135694,/CubeY,0.137940
1.152366,/_samplerate,60.000000
1.152366,/CubeX,0.743148
1.152366,/CubeY,0.065032
1.168110,/_samplerate,60.000000
1.168110,/CubeX,0.809019
1.168110,/CubeY,-0.008226
1.185655,/_samplerate,60.000000
1.185655,/CubeX,0.866027
1.185655,/CubeY,-0.081440
1.201537,/_samplerate,60.000000
1.201537,/CubeX,0.913547
1.201537,/CubeY,-0.154216
1.218983,/_samplerate,60.000000
1.218983,/CubeX,0.951058
1.218983,/CubeY,-0.226164
1.234945,/_samplerate,60.000000
1.234945,/CubeX,0.978148
1.234945,/CubeY,-0.296897
1.251428,/_samplerate,60.000000
1.251428,/CubeX,0.994522
1.251428,/CubeY,-0.366036
1.269024,/_samplerate,60.000000
1.269024,/CubeX,1.000000
1.269024,/CubeY,-0.433208
1.284541,/_samplerate,60.000000
1.284541,/CubeX,0.994521
1.284541,/CubeY,-0.498054
1.301890,/_samplerate,60.000000
1.301890,/CubeX,0.978147
1.301890,/CubeY,-0.560225
1.319047,/_samplerate,60.000000
1.319047,/CubeX,0.951055
1.319047,/CubeY,-0.619386
1.335789,/_samplerate,60.000000
1.335789,/CubeX,0.913544
1.335789,/CubeY,-0.675221
1.351724,/_samplerate,60.000000
1.351724,/CubeX,0.866023
1.351724,/CubeY,-0.727429
1.369757,/_samplerate,60.000000
1.369757,/CubeX,0.809015
1.369757,/CubeY,-0.775731
1.384719,/_samplerate,60.000000
1.384719,/CubeX,0.743142
1.384719,/CubeY,-0.819865
1.401785,/_samplerate,60.000000
1.401785,/CubeX,0.669127
1.401785,/CubeY,-0.859597
1.418973,/_samplerate,60.000000
1.418973,/CubeX,0.587782
1.418973,/CubeY,-0.894711
1.435517,/_samplerate,60.000000
1.435517,/CubeX,0.499996
1.435517,/CubeY,-0.925020
1.451348,/_samplerate,60.000000
1.451348,/CubeX,0.406733
1.451348,/CubeY,-0.950360
1.469063,/_samplerate,60.000000
1.469063,/CubeX,0.309013
1.469063,/CubeY,-0.970596
1.485757,/_samplerate,60.000000
1.485757,/CubeX,0.207908
1.485757,/CubeY,-0.985619
1.502030,/_samplerate,60.000000
1.502030,/CubeX,0.104524
1.502030,/CubeY,-0.995348
1.518538,/_samplerate,60.000000
1.518538,/CubeX,-0.000004
1.518538,/CubeY,-0.999731
1.534907,/_samplerate,60.000000
1.534907,/CubeX,-0.104533
1.534907,/CubeY,-0.998745
1.551694,/_samplerate,60.000000
1.551694,/CubeX,-0.207916
1.551694,/CubeY,-0.992394
1.569015,/_samplerate,60.000000
1.569015,/CubeX,-0.309021
1.569015,/CubeY,-0.980713
1.585275,/_samplerate,60.000000
1.585275,/CubeX,-0.406740
1.585275,/CubeY,-0.963764
1.601834,/_samplerate,60.000000
1.601834,/CubeX,-0.500004
1.601834,/CubeY,-0.941639
1.618936,/_samplerate,60.000000
1.618936,/CubeX,-0.587789
1.618936,/CubeY,-0.914457
1.634977,/_samplerate,60.000000
1.634977,/CubeX,-0.669134
1.634977,/CubeY,-0.882362
1.652286,/_samplerate,60.000000
1.652286,/CubeX,-0.743148
1.652286,/CubeY,-0.845529
1.668320,/_samplerate,60.000000
1.668320,/CubeX,-0.809019
1.668320,/CubeY,-0.804154
1.685396,/_samplerate,60.000000
1.685396,/CubeX,-0.866027
1.685396,/CubeY,-0.758461
1.701686,/_samplerate,60.000000
1.701686,/CubeX,-0.913547
1.701686,/CubeY,-0.708693
1.719528,/_samplerate,60.000000
1.719528,/CubeX,-0.951058
1.719528,/CubeY,-0.655119
1.734871,/_samplerate,60.000000
1.734871,/CubeX,-0.978148
1.734871,/CubeY,-0.598026
1.752554,/_samplerate,60.000000
1.752554,/CubeX,-0.994522
1.752554,/CubeY,-0.537722
1.768961,/_samplerate,60.000000
1.768961,/CubeX,-1.000000
1.768961,/CubeY,-0.474529
1.785852,/_samplerate,60.000000
1.785852,/CubeX,-0.994521
1.785852,/CubeY,-0.408787
1.801905,/_samplerate,60.000000
1.801905,/CubeX,-0.978147
1.801905,/CubeY,-0.340850
1.819363,/_samplerate,60.000000
1.819363,/CubeX,-0.951055
1.819363,/CubeY,-0.271082
1.835676,/_samplerate,60.000000
1.835676,/CubeX,-0.913544
1.835676,/CubeY,-0.199858
1.851601,/_samplerate,60.000000
1.851601,/CubeX,-0.866023
1.851601,/CubeY,-0.127561
1.868879,/_samplerate,60.000000
1.868879,/CubeX,-0.809015
1.868879,/CubeY,-0.054579
1.885720,/_samplerate,60.000000
1.885720,/CubeX,-0.743142
1.885720,/CubeY,0.018697
1.901453,/_samplerate,60.000000
1.901453,/CubeX,-0.669127
1.901453,/CubeY,0.091872
1.918078,/_samplerate,60.000000
1.918078,/CubeX,-0.587782
1.918078,/CubeY,0.164554
1.935635,/_samplerate,60.000000
1.935635,/CubeX,-0.499996
1.935635,/CubeY,0.236352
1.951870,/_samplerate,60.000000
1.951870,/CubeX,-0.406733
1.951870,/CubeY,0.306880
1.968395,/_samplerate,60.000000
1.968395,/CubeX,-0.309013
1.968395,/CubeY,0.375760
1.985409,/_samplerate,60.000000
1.985409,/CubeX,-0.207908
1.985409,/CubeY,0.442622
2.001740,/_samplerate,60.000000
2.001740,/CubeX,-0.104524
2.001740,/CubeY,0.507107
2.018841,/_samplerate,60.000000
2.018841,/CubeX,0.000004
2.018841,/CubeY,0.568868
2.034864,/_samplerate,60.000000
2.034864,/CubeX,0.104533
2.034864,/CubeY,0.627573
2.052230,/_samplerate,60.000000
2.052230,/CubeX,0.207916
2.052230,/CubeY,0.682908
2.067993,/_samplerate,60.000000
2.067993,/CubeX,0.309021
2.067993,/CubeY,0.734575
2.085582,/_samplerate,60.000000
2.085582,/CubeX,0.406740
2.085582,/CubeY,0.782296
2.101801,/_samplerate,60.000000
2.101801,/CubeX,0.500004
2.101801,/CubeY,0.825816
2.118512,/_samplerate,60.000000
2.118512,/CubeX,0.587789
2.118512,/CubeY,0.864900
2.135577,/_samplerate,60.000000
2.135577,/CubeX,0.669134
2.135577,/CubeY,0.899339
2.152347,/_samplerate,60.000000
2.152347,/CubeX,0.743148
2.152347,/CubeY,0.928947
2.168583,/_samplerate,60.000000
2.168583,/CubeX,0.809019
2.168583,/CubeY,0.953566
2.185241,/_samplerate,60.000000
2.185241,/CubeX,0.866027
2.185241,/CubeY,0.973064
2.202353,/_samplerate,60.000000
2.202353,/CubeX,0.913547
2.202353,/CubeY,0.987334
2.218639,/_samplerate,60.000000
2.218639,/CubeX,0.951058
2.218639,/CubeY,0.996302
2.235521,/_samplerate,60.000000
2.235521,/CubeX,0.978148
2.235521,/CubeY,0.999919
2.251275,/_samplerate,60.000000
2.251275,/CubeX,0.994522
2.251275,/CubeY,0.998165
2.268900,/_samplerate,60.000000
2.268900,/CubeX,1.000000
2.268900,/CubeY,0.991050
2.284544,/_samplerate,60.000000
2.284544,/CubeX,0.994521
2.284544,/CubeY,0.978612
2.301456,/_samplerate,60.000000
2.301456,/CubeX,0.978147
2.301456,/CubeY,0.960918
2.319088,/_samplerate,60.000000
2.319088,/CubeX,0.951055
2.319088,/CubeY,0.938062
2.334886,/_samplerate,60.000000
2.334886,/CubeX,0.913544
2.334886,/CubeY,0.910169
2.351773,/_samplerate,60.000000
2.351773,/CubeX,0.866023
2.351773,/CubeY,0.877386
2.368452,/_samplerate,60.000000
2.368452,/CubeX,0.809015
2.368452,/CubeY,0.839892
2.384274,/_samplerate,60.000000
2.384274,/CubeX,0.743142
2.384274,/CubeY,0.797886
2.401215,/_samplerate,60.000000
2.401215,/CubeX,0.669127
2.401215,/CubeY,0.751594
2.417424,/_samplerate,60.000000
2.417424,/CubeX,0.587782
2.417424,/CubeY,0.701266
2.434545,/_samplerate,60.000000
2.434545,/CubeX,0.499996
2.434545,/CubeY,0.647171
2.451540,/_samplerate,60.000000
2.451540,/CubeX,0.406733
2.451540,/CubeY,0.589601
2.468360,/_samplerate,60.000000
2.468360,/CubeX,0.309013
2.468360,/CubeY,0.528863
2.484107,/_samplerate,60.000000
2.484107,/CubeX,0.207908
2.484107,/CubeY,0.465285
2.501153,/_samplerate,60.000000
2.501153,/CubeX,0.104524
2.501153,/CubeY,0.399208
2.517830,/_samplerate,60.000000
2.517830,/CubeX,-0.000004
2.517830,/CubeY,0.330987
2.534817,/_samplerate,60.000000
2.534817,/CubeX,-0.104533
2.534817,/CubeY,0.260988
2.550179,/_samplerate,60.000000
2.550179,/CubeX,-0.207916
2.550179,/CubeY,0.189587
2.560062,/_samplerate,60.000000
2.560062,/CubeX,-0.309021
2.560062,/CubeY,0.117168
2.578118,/_samplerate,60.000000
2.578118,/CubeX,-0.406740
2.578118,/CubeY,0.044119
2.595013,/_samplerate,60.000000
2.595013,/CubeX,-0.500004
2.595013,/CubeY,-0.029166
2.613584,/_samplerate,60.000000
2.613584,/CubeX,-0.587789
2.613584,/CubeY,-0.102295
2.628300,/_samplerate,60.000000
2.628300,/CubeX,-0.669134
2.628300,/CubeY,-0.174874
2.643517,/_samplerate,60.000000
2.643517,/CubeX,-0.743148
2.643517,/CubeY,-0.246514
2.661735,/_samplerate,60.000000
2.661735,/CubeX,-0.809019
2.661735,/CubeY,-0.316830
2.676852,/_samplerate,60.000000
2.676852,/CubeX,-0.866027
2.676852,/CubeY,-0.385444
2.695074,/_samplerate,60.000000
2.695074,/CubeX,-0.913547
2.695074,/CubeY,-0.451988
2.713483,/_samplerate,60.000000
2.713483,/CubeX,-0.951058
2.713483,/CubeY,-0.516105
2.726694,/_samplerate,60.000000
2.726694,/CubeX,-0.978148
2.726694,/CubeY,-0.577449
2.745101,/_samplerate,60.000000
2.745101,/CubeX,-0.994522
2.745101,/CubeY,-0.635692
2.761518,/_samplerate,60.000000
2.761518,/CubeX,-1.000000
2.761518,/CubeY,-0.690520
2.776804,/_samplerate,60.000000
2.776804,/CubeX,-0.994521
2.776804,/CubeY,-0.741640
2.795192,/_samplerate,60.000000
2.795192,/CubeX,-0.978147
2.795192,/CubeY,-0.788776
2.809500,/_samplerate,60.000000
2.809500,/CubeX,-0.951055
2.809500,/CubeY,-0.831676
2.828294,/_samplerate,60.000000
2.828294,/CubeX,-0.913544
2.828294,/CubeY,-0.870109
2.843439,/_samplerate,60.000000
2.843439,/CubeX,-0.866023
2.843439,/CubeY,-0.903868
2.861651,/_samplerate,60.000000
2.861651,/CubeX,-0.809015
2.861651,/CubeY,-0.932773
2.877962,/_samplerate,60.000000
2.877962,/CubeX,-0.743142
2.877962,/CubeY,-0.956668
2.894951,/_samplerate,60.000000
2.894951,/CubeX,-0.669127
2.894951,/CubeY,-0.975424
2.910135,/_samplerate,60.000000
2.910135,/CubeX,-0.587782
2.910135,/CubeY,-0.988942
2.928564,/_samplerate,60.000000
2.928564,/CubeX,-0.499996
2.928564,/CubeY,-0.997148
2.944899,/_samplerate,60.000000
2.944899,/CubeX,-0.406733
2.944899,/CubeY,-0.999997
2.959937,/_samplerate,60.000000
2.959937,/CubeX,-0.309013
2.959937,/CubeY,-0.997476
2.977986,/_samplerate,60.000000
2.977986,/CubeX,-0.207908
2.977986,/CubeY,-0.989598
2.994890,/_samplerate,60.000000
2.994890,/CubeX,-0.104524
2.994890,/CubeY,-0.976404
3.013519,/_samplerate,60.000000
3.013519,/CubeX,0.000004
3.013519,/CubeY,-0.957966
3.028234,/_samplerate,60.000000
3.028234,/CubeX,0.104533
3.028234,/CubeY,-0.934383
3.045108,/_samplerate,60.000000
3.045108,/CubeX,0.207916
3.045108,/CubeY,-0.905781
3.059694,/_samplerate,60.000000
3.059694,/CubeX,0.309021
3.059694,/CubeY,-0.872314
3.077176,/_samplerate,60.000000
3.077176,/CubeX,0.406740
3.077176,/CubeY,-0.834162
3.094484,/_samplerate,60.000000
3.094484,/CubeX,0.500004
3.094484,/CubeY,-0.791530
3.111672,/_samplerate,60.000000
3.111672,/CubeX,0.587789
3.111672,/CubeY,-0.744646
3.127171,/_samplerate,60.000000
3.127171,/CubeX,0.669134
3.127171,/CubeY,-0.693762
3.145272,/_samplerate,60.000000
3.145272,/CubeX,0.743148
3.145272,/CubeY,-0.639153
3.161525,/_samplerate,60.000000
3.161525,/CubeX,0.809019
3.161525,/CubeY,-0.581110
3.178398,/_samplerate,60.000000
3.178398,/CubeX,0.866027
3.178398,/CubeY,-0.519947
3.194814,/_samplerate,60.000000
3.194814,/CubeX,0.913547
3.194814,/CubeY,-0.455990
3.211466,/_samplerate,60.000000
3.211466,/CubeX,0.951058
3.211466,/CubeY,-0.389585
3.226396,/_samplerate,60.000000
3.226396,/CubeX,0.978148
3.226396,/CubeY,-0.321087
3.244984,/_samplerate,60.000000
3.244984,/CubeX,0.994522
3.244984,/CubeY,-0.250865
3.259273,/_samplerate,60.000000
3.259273,/CubeX,1.000000
3.259273,/CubeY,-0.179295
3.277638,/_samplerate,60.000000
3.277638,/CubeX,0.994521
3.277638,/CubeY,-0.106762
3.293826,/_samplerate,60.000000
3.293826,/CubeX,0.978147
3.293826,/CubeY,-0.033656
3.311644,/_samplerate,60.000000
3.311644,/CubeX,0.951055
3.311644,/CubeY,0.039632
3.327988,/_samplerate,60.000000
3.327988,/CubeX,0.913544
3.327988,/CubeY,0.112706
3.345285,/_samplerate,60.000000
3.345285,/CubeX,0.866023
3.345285,/CubeY,0.185175
3.361634,/_samplerate,60.000000
3.361634,/CubeX,0.809015
3.361634,/CubeY,0.256649
3.376472,/_samplerate,60.000000
3.376472,/CubeX,0.743142
3.376472,/CubeY,0.326745
3.394958,/_samplerate,60.000000
3.394958,/CubeX,0.669127
3.394958,/CubeY,0.395086
3.410097,/_samplerate,60.000000
3.410097,/CubeX,0.587782
3.410097,/CubeY,0.461304
3.428279,/_samplerate,60.000000
3.428279,/CubeX,0.499996
3.428279,/CubeY,0.525046
3.442844,/_samplerate,60.000000
3.442844,/CubeX,0.406733
3.442844,/CubeY,0.585967
3.461149,/_samplerate,60.000000
3.461149,/CubeX,0.309013
3.461149,/CubeY,0.643741
3.478258,/_samplerate,60.000000
3.478258,/CubeX,0.207908
3.478258,/CubeY,0.698057
3.493505,/_samplerate,60.000000
3.493505,/CubeX,0.104524
3.493505,/CubeY,0.748624
3.511742,/_samplerate,60.000000
3.511742,/CubeX,-0.000004
3.511742,/CubeY,0.795170
3.527181,/_samplerate,60.000000
3.527181,/CubeX,-0.104533
3.527181,/CubeY,0.837445
3.545004,/_samplerate,60.000000
3.545004,/CubeX,-0.207916
3.545004,/CubeY,0.875222
3.561385,/_samplerate,60.000000
3.561385,/CubeX,-0.309021
3.561385,/CubeY,0.908299
3.578588,/_samplerate,60.000000
3.578588,/CubeX,-0.406740
3.578588,/CubeY,0.936497
3.594841,/_samplerate,60.000000
3.594841,/CubeX,-0.500004
3.594841,/CubeY,0.959665
3.611722,/_samplerate,60.000000
3.611722,/CubeX,-0.587789
3.611722,/CubeY,0.977678
3.627782,/_samplerate,60.000000
3.627782,/CubeX,-0.669134
3.627782,/CubeY,0.990441
3.645099,/_samplerate,60.000000
3.645099,/CubeX,-0.743148
3.645099,/CubeY,0.997883
3.661866,/_samplerate,60.000000
3.661866,/CubeX,-0.809019
3.661866,/CubeY,0.999966
3.676640,/_samplerate,60.000000
3.676640,/CubeX,-0.866027
3.676640,/CubeY,0.996678
3.694963,/_samplerate,60.000000
3.694963,/CubeX,-0.913547
3.694963,/CubeY,0.988037
3.713659,/_samplerate,60.000000
3.713659,/CubeX,-0.951058
3.713659,/CubeY,0.974089
3.727990,/_samplerate,60.000000
3.727990,/CubeX,-0.978148
3.727990,/CubeY,0.954910
3.745046,/_samplerate,60.000000
3.745046,/CubeX,-0.994522
3.745046,/CubeY,0.930601
3.759808,/_samplerate,60.000000
3.759808,/CubeX,-1.000000
3.759808,/CubeY,0.901294
3.777198,/_samplerate,60.000000
3.777198,/CubeX,-0.994521
3.777198,/CubeY,0.867146
3.793287,/_samplerate,60.000000
3.793287,/CubeX,-0.978147
3.793287,/CubeY,0.828341
3.811592,/_samplerate,60.000000
3.811592,/CubeX,-0.951055
3.811592,/CubeY,0.785087
3.830397,/_samplerate,60.000000
3.830397,/CubeX,-0.913544
3.830397,/CubeY,0.737615
3.844761,/_samplerate,60.000000
3.844761,/CubeX,-0.866023
3.844761,/CubeY,0.686183
3.861055,/_samplerate,60.000000
3.861055,/CubeX,-0.809015
3.861055,/CubeY,0.631064
3.878180,/_samplerate,60.000000
3.878180,/CubeX,-0.743142
3.878180,/CubeY,0.572556
3.895132,/_samplerate,60.000000
3.895132,/CubeX,-0.669127
3.895132,/CubeY,0.510973
3.911336,/_samplerate,60.000000
3.911336,/CubeX,-0.587782
3.911336,/CubeY,0.446646
3.928471,/_samplerate,60.000000
3.928471,/CubeX,-0.499996
3.928471,/CubeY,0.379919
3.944829,/_samplerate,60.000000
3.944829,/CubeX,-0.406733
3.944829,/CubeY,0.311152
3.961626,/_samplerate,60.000000
3.961626,/CubeX,-0.309013
3.961626,/CubeY,0.240714
3.976750,/_samplerate,60.000000
3.976750,/CubeX,-0.207908
3.976750,/CubeY,0.168983
3.994943,/_samplerate,60.000000
3.994943,/CubeX,-0.104524
3.994943,/CubeY,0.096344
4.010482,/_samplerate,60.000000
4.010482,/CubeX,0.000004
4.010482,/CubeY,0.023188
4.028698,/_samplerate,60.000000
4.028698,/CubeX,0.104533
4.028698,/CubeY,-0.050093
4.044700,/_samplerate,60.000000
4.044700,/CubeX,0.207916
4.044700,/CubeY,-0.123105
4.061150,/_samplerate,60.000000
4.061150,/CubeX,0.309021
4.061150,/CubeY,-0.195455
4.077898,/_samplerate,60.000000
4.077898,/CubeX,0.406740
4.077898,/CubeY,-0.266756
4.095176,/_samplerate,60.000000
4.095176,/CubeX,0.500004
4.095176,/CubeY,-0.336624
4.111604,/_samplerate,60.000000
4.111604,/CubeX,0.587789
4.111604,/CubeY,-0.404684
4.128083,/_samplerate,60.000000
4.128083,/CubeX,0.669134
4.128083,/CubeY,-0.470570
4.145216,/_samplerate,60.000000
4.145216,/CubeX,0.743148
4.145216,/CubeY,-0.533929
4.161897,/_samplerate,60.000000
4.161897,/CubeX,0.809019
4.161897,/CubeY,-0.594420
4.176671,/_samplerate,60.000000
4.176671,/CubeX,0.866027
4.176671,/CubeY,-0.651719
4.194950,/_samplerate,60.000000
4.194950,/CubeX,0.913547
4.194950,/CubeY,-0.705517
4.213494,/_samplerate,60.000000
4.213494,/CubeX,0.951058
4.213494,/CubeY,-0.755526
4.230077,/_samplerate,60.000000
4.230077,/CubeX,0.978148
4.230077,/CubeY,-0.801476
4.244752,/_samplerate,60.000000
4.244752,/CubeX,0.994522
4.244752,/CubeY,-0.843122
4.261882,/_samplerate,60.000000
4.261882,/CubeX,1.000000
4.261882,/CubeY,-0.880240
4.278358,/_samplerate,60.000000
4.278358,/CubeX,0.994521
4.278358,/CubeY,-0.912630
4.293464,/_samplerate,60.000000
4.293464,/CubeX,0.978147
4.293464,/CubeY,-0.940118
4.311783,/_samplerate,60.000000
4.311783,/CubeX,0.951055
4.311783,/CubeY,-0.962556
4.328132,/_samplerate,60.000000
4.328132,/CubeX,0.913544
4.328132,/CubeY,-0.979825
4.345205,/_samplerate,60.000000
4.345205,/CubeX,0.866023
4.345205,/CubeY,-0.991831
4.359494,/_samplerate,60.000000
4.359494,/CubeX,0.809015
4.359494,/CubeY,-0.998509
4.378726,/_samplerate,60.000000
4.378726,/CubeX,0.743142
4.378726,/CubeY,-0.999825
4.394505,/_samplerate,60.000000
4.394505,/CubeX,0.669127
4.394505,/CubeY,-0.995771
4.409861,/_samplerate,60.000000
4.409861,/CubeX,0.587782
4.409861,/CubeY,-0.986368
4.428214,/_samplerate,60.000000
4.428214,/CubeX,0.499996
4.428214,/CubeY,-0.971668
4.444902,/_samplerate,60.000000
4.444902,/CubeX,0.406733
4.444902,/CubeY,-0.951748
4.461742,/_samplerate,60.000000
4.461742,/CubeX,0.309013
4.461742,/CubeY,-0.926717
4.477810,/_samplerate,60.000000
4.477810,/CubeX,0.207908
4.477810,/CubeY,-0.896708
4.494650,/_samplerate,60.000000
4.494650,/CubeX,0.104524
4.494650,/CubeY,-0.861883
4.509798,/_samplerate,60.000000
4.509798,/CubeX,-0.000004
4.509798,/CubeY,-0.822429
4.527111,/_samplerate,60.000000
4.527111,/CubeX,-0.104533
4.527111,/CubeY,-0.778557
4.544886,/_samplerate,60.000000
4.544886,/CubeX,-0.207916
4.544886,/CubeY,-0.730504
4.561471,/_samplerate,60.000000
4.561471,/CubeX,-0.309021
4.561471,/CubeY,-0.678528
4.578705,/_samplerate,60.000000
4.578705,/CubeX,-0.406740
4.578705,/CubeY,-0.622906
4.593948,/_samplerate,60.000000
4.593948,/CubeX,-0.500004
4.593948,/CubeY,-0.563940
4.611758,/_samplerate,60.000000
4.611758,/CubeX,-0.587789
4.611758,/CubeY,-0.501944
4.627784,/_samplerate,60.000000
4.627784,/CubeX,-0.669134
4.627784,/CubeY,-0.437252
4.644950,/_samplerate,60.000000
4.644950,/CubeX,-0.743148
4.644950,/CubeY,-0.370212
4.661690,/_samplerate,60.000000
4.661690,/CubeX,-0.809019
4.661690,/CubeY,-0.301183
4.678340,/_samplerate,60.000000
4.678340,/CubeX,-0.866027
4.678340,/CubeY,-0.230537
4.693099,/_samplerate,60.000000
4.693099,/CubeX,-0.913547
4.693099,/CubeY,-0.158652
4.711580,/_samplerate,60.000000
4.711580,/CubeX,-0.951058
4.711580,/CubeY,-0.085916
4.728341,/_samplerate,60.000000
4.728341,/CubeX,-0.978148
4.728341,/CubeY,-0.012718
4.744782,/_samplerate,60.000000
4.744782,/CubeX,-0.994522
4.744782,/CubeY,0.060549
4.761253,/_samplerate,60.000000
4.761253,/CubeX,-1.000000
4.761253,/CubeY,0.133490
4.778603,/_samplerate,60.000000
4.778603,/CubeX,-0.994521
4.778603,/CubeY,0.205714
4.793117,/_samplerate,60.000000
4.793117,/CubeX,-0.978147
4.793117,/CubeY,0.276834
4.811529,/_samplerate,60.000000
4.811529,/CubeX,-0.951055
4.811529,/CubeY,0.346466
4.828320,/_samplerate,60.000000
4.828320,/CubeX,-0.913544
4.828320,/CubeY,0.414238
4.842965,/_samplerate,60.000000
4.842965,/CubeX,-0.866023
4.842965,/CubeY,0.479784
4.861491,/_samplerate,60.000000
4.861491,/CubeX,-0.809015
4.861491,/CubeY,0.542754
4.878350,/_samplerate,60.000000
4.878350,/CubeX,-0.743142
4.878350,/CubeY,0.602809
4.893441,/_samplerate,60.000000
4.893441,/CubeX,-0.669127
4.893441,/CubeY,0.659625
4.911647,/_samplerate,60.000000
4.911647,/CubeX,-0.587782
4.911647,/CubeY,0.712899
4.926435,/_samplerate,60.000000
4.926435,/CubeX,-0.499996
4.926435,/CubeY,0.762344
4.